Адреса отделений Банка, где можно получить подпись без открытия расчетного счета;;;;
Город;Адрес;;;
Москва;1. 123317, г. Москва, Пресненская набережная, д.2 2. ;;;
;2. 117216, г. Москва, ул. Старокачаловская, 1, корпус 2;;;
;3. 109341, г. Москва, ул. Люблинская, д.157, к.4;;;
;4. 109544, г. Москва, ул. Большая Андроньевская, 7;;;
;5. 123001, г. Москва, ул. Садовая-Кудринская, 25, строение 1. ;;;
;6. 142191, г. Москва, г. Троицк, М-н В, 37А, пом.5;;;
;7. 117342, г. Москва, ул. Бутлерова, 31;;;
;8. 111673, г. Москва, ул. Новокосинская, 11, корпус 3;;;
;9. 127486, г. Москва, Коровинское шоссе, 5, корпус 2;;;
;10. 125464, г. Москва, Новотушинский проезд, 8, корпус 2;;;
;11. 109316, г. Москва, Волгоградский проспект, 4 А ;;;
;12. 115304, г. Москва, ул. Кантемировская д.3, корп.5, стр.3;;;
;13. 129281, г. Москва, ул. Енисейская, 30;;;
;14. 111024, г. Москва, шоссе Энтузиастов, 15;;;
;15. 117105, г. Москва, Варшавское шоссе, дом 27;;;
;16. 117335, г. Москва, Нахимовский проспект, 66;;;
;17. 124482, г. Москва, г.Зеленоград, проезд Савелкинский, 7;;;
;18. 105425, г. Москва, Щелковское шоссе, 34, строение 2;;;
;19. 107023, г. Москва, ул. Стромынка, 19-2;;;
;20. 119421, г.Москва, Ленинский проспект, 100;;;
;21. 119602, г. Москва, ул. Никулинская, 26;;;
;22. 127055, г.Москва, ул. Новослободская, 17;;;
;23. 127576, г. Москва, ул. Череповецкая, 20. ;;;
;24. 121059, г. Москва, ул. Большая Дорогомиловская, дом 11;;;
;25. 119634, г. Москва, ул. Федосьино, 4, корпус 2;;;
;26. 123154, г.Москва, проспект Маршала Жукова, 11, корпус 1;;;
Санкт-Петербург;1. 194021, г. Санкт-Петербург, Политехническая ул., д. 17, корп. 1, лит. А, пом. 15Н, 16Н;;;
;2. 195112, г. Санкт-Петербург, пл. Карла Фаберже, д. 8, лит. Б, пом. 7-Н;;;
;3. 197372, г. Санкт-Петербург, Комендантский пр., д. 30, корп. 2;;;
;4. 192242, г. Санкт-Петербург, ул. Бухарестская, д. 23, корп. 1, пом.20Н, 87Н, лит.А;;;
;5. 198261, г. Санкт-Петербург, пр-т Ветеранов, д. 114, корп. 1, лит. А, пом. 62Н, 64Н, 72Н, 73Н, 74Н, 75Н, 76Н, 77Н, 78Н;;;
;6. 193079, г.Санкт-Петербург, ул. Народная, д. 2, лит.А, пом. 4Н;;;
;7. 190068, г. Санкт-Петербург, Вознесенский пр-т, д. 37/6, лит. А;;;
;8. 196105, г. Санкт-Петербург, ул. Севастьянова, д. 7, пом. 103, 104, 105, 106, 110, 112, 113, 114;;;
;9. 196607, г. Санкт-Петербург, г. Пушкин, ул. Школьная, д. 39/33, лит. Б, пом. 4Н;;;
;10. 197022, г. Санкт-Петербург, Каменноостровский пр-т, д. 41, лит. А, пом. 1-Н;;;
Воронеж и Воронежская область ;1. 394006, г. Воронеж, ул. Ворошилова, 8б ;;;
;2. 394077, г. Воронеж, бульвар Победы, 22а ;;;
;3. 396422, г. Павловск, ул. Гоголя, 40 а ;;;
;4. 397160, г. Борисоглебск, ул. Свободы, 177;;;
;5. 397904, г. Лиски, ул. Свердлова, 61а ;;;
;6. 396658, г. Россошь, проспект Труда, 12а;;;
Анадырь;689000, г. Анадырь, ул. Отке, д. 17;;;
Архангельск;163000, г. Архангельск, пр. Ломоносова, д .137;;;
Астрахань;414000, г.Астрахань, Кировский р-он, ул.Кирова, дом 41;;;
Барнаул;656065, г. Барнаул, ул. Попова, д. 73а;;;
;656038, г.Барнаул, пр-т Комсомольский, дом № 106А;;;
Белгород;1. 308000, г. Белгород, Гражданский проспект, 52;;;
;2. 308012, г.Белгород, ул.Костюкова, 63;;;
Биробиджан;679016, г.Биробиджан, ул.Шолом-Алейхема, 16, помещения № 112-135;;;
Благовещенск;675000, г.Благовещенск, ул. Комсомольская, 11;;;
Брянск;241050, г.Брянск, проспект Ленина, 10б;;;
Великий Новгород;173025, г. Великий Новгород, пр. Мира, д. 32, корпус 1;;;
Видное;142701, г.Видное, ул.Советская, 34А;;;
Владивосток;1. 690002, г.Владивосток, проспект Океанский,110,а;;;
;2. 690048, г.Владивосток, проспект 100 лет Владивостоку, 52в;;;
Владимир;600015, г.Владимир, проспект Ленина, 36;;;
Волгоград;400005, г.Волгоград, ул.Коммунистическая, 40;;;
Вологда;160000, г.Вологда, ул.Предтеченская, 33;;;
Воскресенск;140203, г.Воскресенск, городское поселение Воскресенск, ул.Советская, д.7-а;;;
Гатчина;188304, г. Гатчина, ул. Красная,  д. 10;;;
Горно-Алтайск;649000, г.Горно-Алтайск, Чаптынова, 2;;;
Екатеринбург;1. 620026, г. Екатеринбург, ул. Куйбышева, д. 67,Первый этаж помещения №206,208-210,215,226,228-235,237,241,242,254,311,967-991;;;
;2. 620014, г.Екатеринбург, ул.Малышева, 31 в;;;
;3. 620012, г.Екатеринбург, пр.Космонавтов, д.23а;;;
;4. 620027, г.Екатеринбург, ул.Луначарского, 40;;;
;5. 620130, г.Екатеринбург, ул.8 Марта, 206-б, Подвал помещения №23-25,36-39 Первый этаж помещения №3-5,13-18,20-22,24-28,30-33,35,44;;;
Железнодорожный;143985, г.Железнодорожный, ул.Юбилейная, д.2, корп.1;;;
Иваново;153035, г. Иваново, ул. Лежневская, д.157;;;
Ижевск;1. 426076, г.Ижевск, ул.Ленина, 6;;;
;2. 426000, г.Ижевск, ул.Пушкинская, 281;;;
Иркутск;664011, г.Иркутск, ул.Нижняя Набережная, д.10;;;
Йошкар-Ола;424000, г.Йошкар-Ола, ул.Карла Маркса, 109Б;;;
Казань;1. 420012, г.Казань, ул.Бутлерова, 44;;;
;2. 420110, г.Казань, проспект Победы, 62/4;;;
;3. 420094, г.Казань, ул.Чуйкова, 2, корпус В;;;
Калининград;236016, г. Калининград, ул. Александра Невского, д. 50-52А;;;
Калуга;248001, г.Калуга, ул.Кирова, 21а;;;
Кемерово;650066, г. Кемерово, Центральный район, пр. Октябрьский, дом №53;;;
Киров;610997, г.Киров, ул.Дерендяева, 25;;;
Клин;141600, г.Клин, ул.Лево-Набережная, 1;;;
Коломна;140410, г.Коломна, ул.Фрунзе, дом 46, этаж 1;;;
Королев;141075, г. Королев, просп.Космонавтов, д.6а;;;
Кострома;156005, г.Кострома, ул.Никитская, 33;;;
Краснодар;1. 350911, г.Краснодар, ул.Трамвайная, 1/1;;;
;2. 350002, г.Краснодар, ул.Садовая, 112;;;
;3. 350049, г.Краснодар, ул. Красных Партизан/им.Котовского, д. 489/103;;;
Красноярск;1. 660118, г.Красноярск, ул.Алексеева, д.49, пом.2, 3;;;
;2. 660028, г.Красноярск, просп. Свободный, 46;;;
Курган;640022, г.Курган, ул.Гоголя, 98;;;
Курск;305029, г.Курск, ул.Карла Маркса, дом № 55;;;
Кызыл;667000, г.Кызыл, ул.Кочетова, 31;;;
Липецк;398910, г. Липецк, ул. Первомайская, д. 2;;;
Магадан;685030, г.Магадан, пр-т Карла Маркса, 63;;;
Майкоп;385011, г.Майкоп, ул. Димитрова, 4, корп.2;;;
Махачкала;367009, г.Махачкала, ул.Магомедтагирова, дом 39А;;;
Мурманск;183038, г. Мурманск, пр-т Ленина, д. 37;;;
Мытищи;141002, г. Мытищи, Ново-Мытищинский проспект, дом 5, корпус 1;;;
Набережные Челны;423812, г.Набережные Челны, проспект Сююмбике, 16;;;
Нальчик;360051, г. Нальчик, ул. Пушкина/Кешокова, 33а/72;;;
Нарьян-Мар;166000, г. Нарьян-Мар, ул. Ленина, д.38;;;
Нижний Новгород;1. 603005, г.Нижний Новгород, ул.Октябрьская, 35;;;
;2. 603135, г.Нижний Новгород, проспект Ленина, 53;;;
;3. 603040, г.Нижний Новгород, проспект Союзный, 3А;;;
;4. 603057, г.Нижний Новгород, ул.Бекетова, 3Б;;;
Новокузнецк;1. 654080, г. Новокузнецк, ул.Тольятти, д.27;;;
;2. 630007, г. Новосибирск, Центральный район, улица Серебренниковская, дом 20;;;
Новосибирск;1. 630032, г. Новосибирск, микрорайон Горский, дом 66;;;
;2. 630088, г. Новосибирск, Кировский район, улица Петухова, д. 74;;;
;3. 630055, г.Новосибирск, ул. Лыкова, дом 7;;;
Омск;1. 644033, г.Омск, ул.Красный Путь, д. 111, пом.1П;;;
;2. 644024, г.Омск, ул.М.Жукова, №4 кор.1,этаж1;;;
Орел;302028, г.Орел, ул.Октябрьская, 24;;;
Оренбург;461300, г. Оренбург, ул. Володарского, д.16;;;
Орехово-Зуево;142600, г.Орехово-Зуево, ул.Карла Либкнехта, 4;;;
Пенза;440000, г.Пенза, ул.Суворова, 81;;;
Пермь;1. 614022, г.Пермь, ул.Мира /Балатово/, 45;;;
;2. 614068, г.Пермь, ул.Ленина, 72А;;;
;3. 614109, г.Пермь, ул.Адмирала Ушакова, 36;;;
;4. 614010, г.Пермь, ул.Героев Хасана, 8;;;
Петрозаводск;185035, г. Петрозаводск, ул. Антикайнена, д. 2;;;
Петропавловск-Камчатский;683031, г.Петропавловск-Камчатский, ул.Лукашевского, 2;;;
Подольск;142110, г.Подольск, ул.Кирова, д.21;;;
Псков;180000, г. Псков, Октябрьский пр-т, д. 23/25;;;
Пушкино;141207, г.Пушкино, просп. Московский, д. 11-а;;;
Ростов-на-Дону;1. 344000, г.Ростов-на-Дону, ул.Красноармейская, дом 147;;;
;2. 344068, г.Ростов-на-Дону, ул.Евдокимова, дом 37;;;
;3. 344091, г.Ростов-на-Дону, пр-т Стачки, дом 228;;;
Руза;143100, г.Руза, ул.Социалистическая, 29;;;
Рязань;390000, г.Рязань, Первомайский проспект, д.18;;;
Салехард;629008, г.Салехард, Тюменская область, ул.Республики, д.41;;;
Самара;443079, г.Самара, ул.Революционная, 126, нежилое помещение н2;;;
Саранск;430005, г.Саранск, ул.Коммунистическая, 32;;;
Саратов;1. 410012, г.Саратов, ул.им.Вавилова Н.И., 1/7;;;
;2. 410040, г.Саратов, пр-т им. 50 лет Октября, дом 75а;;;
Серпухов;142200, г.Серпухов, ул.Луначарского,д33-а;;;
Смоленск;214030, г.Смоленск,ул.Нормандия-Неман,д.23;;;
Сочи;354000, г.Сочи, Центральный район, ул.Войкова, д. 2;;;
Ставрополь;355003, г.Ставрополь, ул.Ленина,295;;;
;355042, г.Ставрополь, ул.Доваторцев, дом 49, корп.Б;;;
Сыктывкар;167023, г.Сыктывкар, ул.Морозова, дом 89;;;
Тамбов;392036, г. Тамбов, ул. Карла Маркса, д.130;;;
Тверь;170008, г.Тверь, ул. Андрея Дементьева, д.7;;;
Тольятти;445011, г.Тольятти, Центральный р-н, ул. Ленина, дом 87;;;
Томск;634050, г. Томск, Ленина проспект, д. 44, пом 24-83;;;
;634059, г.Томск, Интернационалистов улица,  д.33;;;
Тула;300000, г.Тула, площадь Крестовоздвиженская, 1;;;
Улан-Удэ;670031, г.Улан-Удэ, ул. Терешковой, 3б;;;
Уфа;1. 450044, г.Уфа, ул.Первомайская, 16;;;
;2. 450059, г.Уфа, ул.Рихарда Зорге, 5;;;
;3. 450077, г.Уфа, ул.Кирова, д.34;;;
;4. 450047, г.Уфа, Кировский район, ул.Менделеева, д.137;;;
;5. 450098, г.Уфа, Октябрьский район, проспект Октября, дом 116;;;
Хабаровск;680030, г. Хабаровск, ул. Пушкина, 54, 1 этаж, №1-3, 5-11, 13, 30;;;
Ханты-Мансийск;628012, г.Ханты-Мансийск, Тюменская область, ул.Дзержинского, 16;;;
Химки;141407, г.Химки, Юбилейный просп., д.73;;;
Чебоксары;428032, г.Чебоксары, ул.Карла Маркса, 22;;;
Челябинск;1. 454090, г.Челябинск, пр.т Ленина, 38;;;
;2. 454014, г.Челябинск, пр.Комсомольский, 70в;;;
;3. 454048, г.Челябинск, ул.Энтузиастов, 9а;;;
Черкесск;369000, г.Черкесск , пр. Ленина ,53;;;
Чехов;142300, г.Чехов, ул.Чехова, д.79,  корп.2;;;
Чита;672007, г. Чита, ул. Богомягкова, д 23, пом.115;;;
Щелково;141109, г.Щелково, ул.Комсомольская, д.11;;;
Электросталь;144000, г.Электросталь, просп. Ленина, д. 32/16, пом.02;;;
Элиста;358000, г. Элиста, ул.В.И.Ленина, 305;;;
Южно-Сахалинск;693023, г. Южно-Сахалинск, ул. Комсомольская, 259В;;;
Ярославль;150040, г.Ярославль, пр-т Ленина,д.25;;;